,0
que,854
a,819
o,818
de,799
e,599
é,435
do,382
para,325
não,323
eu,307
da,270
no,222
com,221
nós,216
um,210
brasil,205
uma,195
em,178
mais,136
por,127
tem,125
na,124
se,124
os,120
isso,119
as,110
porque,96
candidato,95
vai,88
como,88
foi,84
pra,83
país,82
mas,82
governo,82
esse,81
você,79
quem,78
está,78
gente,76
fazer,74
das,70
todos,67
essa,66
pessoas,61
r,59
ou,59
ao,58
pergunta,58
presidente,58
muito,57
ser,57
só,57
mulheres,56
vamos,56
temos,54
educação,54
política,52
anos,51
já,51
ter,51
lula,51
aqui,50
à,49
agora,49
candidatos,49
mundo,48
dos,48
também,47
ele,46
dinheiro,46
quando,45
hoje,45
sabe,45
quero,44
milhões,43
me,43
seu,43
meu,43
candidata,43
senhor,42
minha,41
pt,41
bolsonaro,40
mulher,40
lá,39
ciro,39
corrupção,38
república,38
seja,38
sua,37
contra,37
pelo,36
entre,36
dizer,35
soraya,35
precisamos,34
são,34
pela,33
então,33
aí,33
resposta,32
coisa,32
nos,32
boa,32
ela,32
fui,32
sou,32
nosso,32
sem,31
noite,31
cada,30
economia,29
vou,29
até,29
senhora,29
era,28
emprego,28
mesmo,27
tenho,27
nesse,27
estão,27
todo,27
debate,26
direito,26
tempo,26
exemplo,26
sim,26
primeira,25
têm,25
brasileiros,25
estado,25
auxílio,24
poder,24
brasileiro,24
pública,24
tá,24
maior,24
primeiro,24
tudo,23
assim,23
bem,23
falar,23
questão,23
dois,23
renda,23
brasileira,23
faz,22
dar,22
ano,22
pode,22
federal,22
estou,22
verdade,21
senadora,21
há,20
favor,20
onde,20
bilhões,20
forma,20
gomes,20
mudar,20
vida,20
voltar,20
oportunidade,20
nas,20
povo,20
público,19
crescer,19
jair,19
todas,19
perguntar,19
sobre,19
será,19
imposto,19
simone,19
100,18
nossa,18
vezes,18
tinha,18
sei,18
aos,18
thronicke,18
fome,18
investimento,18
presidência,18
importante,18
nada,18
caso,18
responder,17
campanha,17
fala,17
portanto,17
felipe,17
tebet,17
disso,17
vocês,17
pandemia,17
crianças,17
estamos,17
estava,16
minutos,16
cultura,16
vez,16
minuto,16
deus,16
vacina,16
professor,16
ensino,16
bandeirantes,16
tv,16
precisa,16
gostaria,15
preciso,15
proposta,15
quatro,15
depois,15
eles,15
famílias,15
orçamento,15
chega,15
desse,15
tirar,15
comissão,15
casa,15
vem,15
falando,15
projeto,14
saúde,14
menos,14
suas,14
mesma,14
privado,14
teve,14
fez,14
obrigada,14
mercado,14
qual,14
família,14
50,14
atrás,14
nenhum,14
momento,14
600,14
agro,14
sendo,13
eleições,13
três,13
pro,13
muitos,13
ordem,13
esses,13
números,13
lei,13
quer,13
conta,13
dentro,13
qualquer,13
bom,13
acho,13
respeito,12
partido,12
viu,12
nacional,12
segundo,12
gerar,12
nem,12
além,12
coisas,12
20,12
ainda,12
ver,12
band,12
programa,12
parte,12
ficar,12
foram,12
melhor,12
bloco,12
inflação,12
jornalista,12
neste,12
acabar,12
mil,11
nunca,11
duas,11
estar,11
pessoa,11
saber,11
seguinte,11
trabalho,11
apenas,11
dele,11
ninguém,11
rodada,11
valor,11
agradecer,11
nessa,11
congresso,11
união,11
emergencial,11
nome,11
olha,11
essas,11
deu,11
jornalistas,11
senado,11
queria,11
econômica,11
meio,11
mim,11
pobres,11
zero,10
trazer,10
fazendo,10
história,10
outro,10
voto,10
democracia,10
problemas,10
eleitoral,10
mentira,10
pedido,10
paz,10
olhar,10
quê,10
sempre,10
algo,10
expresidente,10
dia,10
muita,10
dignidade,10
grande,10
news,10
violência,10
arma,10
partidos,10
bolso,10
existe,10
folha,10
spaulo,10
uol,10
pelos,10
comentário,10
deixa,10
pool,10
vi,10
dávila,10
sus,9
relação,9
disse,9
outras,9
hora,9
colocar,9
seus,9
fizemos,9
ganhar,9
único,9
amor,9
ministro,9
internacional,9
estados,9
escola,9
inclusive,9
ambiente,9
modelo,9
45,9
tenha,9
acontece,9
lado,9
cpi,9
começa,9
podemos,9
defesa,9
setor,9
perguntas,9
miséria,9
pediu,9
resolver,9
próximo,9
houve,9
vera,9
econômico,9
vão,9
compromisso,9
dá,9
este,9
fora,9
jamais,9
passado,9
grupo,9
filho,9
liberdade,9
população,9
nossas,9
câmara,8
finais,8
políticas,8
fake,8
segurança,8
alguns,8
lugar,8
atual,8
homens,8
estatal,8
enquanto,8
privada,8
excelência,8
defender,8
15,8
nenhuma,8
falta,8
mãe,8
apoiou,8
ceará,8
coração,8
quanto,8
volta,8
crescimento,8
pobre,8
públicas,8
numa,8
diminuir,8
responsabilidade,8
empresas,8
considerações,8
qualidade,8
secreto,8
gestão,8
padrão,8
escolar,8
atrair,8
moral,8
30,8
corte,7
durante,7
11,7
financiamento,7
total,7
fundamental,7
ódio,7
desemprego,7
12,7
dessa,7
for,7
religião,7
confronto,7
vossa,7
dez,7
comida,7
geração,7
dívida,7
bolsa,7
parceria,7
25,7
maioria,7
possível,7
assumir,7
pouco,7
respeitado,7
2022,7
falou,7
deixar,7
segunda,7
final,7
somos,7
conseguir,7
riqueza,7
80,7
feito,7
muitas,7
realmente,7
empregos,7
ministros,7
número,7
outra,7
exatamente,7
últimos,7
indicar,7
pobreza,7
escândalo,7
60,7
votou,7
ajudar,7
próxima,7
criança,7
problema,7
média,7
sorteio,7
propostas,7
5,7
real,6
papel,6
deixou,6
sustentável,6
fica,6
pessoal,6
peço,6
professora,6
diferente,6
regras,6
aula,6
única,6
médio,6
lamentavelmente,6
pedir,6
covid,6
capacidade,6
dizendo,6
ministério,6
filhos,6
acesso,6
supremo,6
compra,6
direto,6
tribunal,6
indo,6
às,6
começar,6
petrobras,6
jeito,6
pelas,6
tão,6
fiz,6
entender,6
fato,6
simples,6
vergonha,6
financiar,6
usar,6
mensalão,6
us,6
investir,6
impostos,6
sequer,6
alguém,6
pior,6
quase,6
orgulho,6
terra,6
fundo,6
homem,6
garantir,6
paulo,6
máquina,6
gasto,6
feminista,6
agride,6
consegue,6
sigilo,6
fazem,6
próprio,6
novo,6
grave,6
pouquinho,6
solução,6
luiz,6
tipo,6
transformar,6
réplica,6
silva,6
vim,6
aconteceu,5
contradição,5
dias,5
portal,5
partir,5
aproveitar,5
cinco,5
200,5
terá,5
mandato,5
combate,5
tivemos,5
cara,5
atraso,5
comer,5
polícia,5
jornal,5
estatais,5
avaliação,5
passando,5
saí,5
sério,5
diz,5
senhores,5
linha,5
melhores,5
deve,5
10,5
digital,5
agronegócio,5
apoio,5
recursos,5
tanto,5
precisam,5
valer,5
significa,5
ouvindo,5
vivo,5
participar,5
tantas,5
quantas,5
passou,5
abaixo,5
dilma,5
assunto,5
14,5
infelizmente,5
pib,5
fundão,5
digitais,5
governança,5
ir,5
adora,5
cirurgias,5
plano,5
causa,5
ali,5
certeza,5
turno,5
imediatamente,5
ouvir,5
acima,5
pagar,5
podem,5
infraestrutura,5
400,5
difícil,5
privilégio,5
190,5
mês,5
importantes,5
realidade,5
tira,5
costas,5
social,5
começou,5
contrato,5
nossos,5
combater,5
prazer,5
iniciativa,5
antes,5
valorização,5
carbono,5
esta,5
manter,5
davila,5
deputados,5
aumentar,5
votar,5
aluno,5
abrir,5
rico,5
jovens,5
candidatura,5
respondem,5
eleita,5
depende,5
razão,5
constituição,5
judiciário,5
suprema,5
comentar,5
vacinas,5
esquece,5
conseguimos,5
federais,5
respeita,5
saneamento,5
professores,5
contas,5
serão,5
sabemos,5
cidadão,5
havia,5
brasileiras,5
cresce,5
área,5
comprar,5
liberação,5
acompanhar,5
vive,5
parlamento,4
criou,4
questões,4
profissionalizante,4
posso,4
criar,4
toda,4
fizeram,4
chegou,4
certa,4
básico,4
daqui,4
ouvi,4
mônica,4
marcos,4
cintra,4
thaís,4
conseguiu,4
corrupto,4
governar,4
lugares,4
competir,4
mara,4
escolas,4
ruas,4
início,4
reduzir,4
porém,4
liderança,4
preso,4
absolvido,4
briga,4
criação,4
cobertura,4
daí,4
aumento,4
18,4
desses,4
metade,4
inocente,4
respondida,4
trabalhar,4
olho,4
espera,4
juliana,4
diminuído,4
estupro,4
amazônia,4
feminina,4
governos,4
inverdades,4
trabalhador,4
dúvida,4
atacar,4
desde,4
chile,4
gera,4
unidos,4
atendimento,4
claro,4
transparência,4
salários,4
sentido,4
teto,4
favorável,4
bancada,4
século,4
vivendo,4
triste,4
desenvolvimento,4
obrigado,4
inventar,4
caro,4
500,4
importância,4
piso,4
melhorou,4
respeitar,4
maiores,4
diante,4
acabou,4
falado,4
caráter,4
necessidade,4
coragem,4
cumprimentar,4
comércio,4
mau,4
universidade,4
tamanho,4
cuidar,4
petrolão,4
imprensa,4
confusão,4
responde,4
deixei,4
inteiro,4
13,4
podia,4
última,4
fazemos,4
pensa,4
obviamente,4
conosco,4
mínimo,4
grãos,4
entrar,4
sair,4
deles,4
políticos,4
passar,4
outros,4
meus,4
comigo,4
rede,4
exames,4
demais,4
aquele,4
tua,4
necessitados,4
eleição,4
discutindo,4
alguma,4
meses,4
cidadania,4
tive,4
sabem,4
centro,4
sido,4
autonomia,4
drogas,4
lógico,4
youtube,4
google,4
dados,4
ensinar,4
internacionais,4
opinião,4
esquerda,4
argentina,4
reserva,4
competência,4
armas,4
aprendizado,4
receber,4
tocante,4
dela,4
fico,4
ideia,4
tínhamos,4
segundos,4
perderam,4
corrente,4
fila,4
cresceu,4
cumprir,4
harmonia,4
devemos,4
deste,4
onu,4
lembro,4
vítima,4
ferrovias,4
porta,4
corromper,4
governadores,4
possa,4
jovem,4
acha,4
experiência,4
inácio,4
escolhe,4
começo,4
sequência,4
melhorar,4
poderes,4
irmão,4
certo,4
doar,3
elas,3
mães,3
passamos,3
delas,3
municípios,3
menor,3
hectares,3
sofre,3
merenda,3
acordo,3
noruega,3
traz,3
considerou,3
sai,3
prematuramente,3
vacinação,3
recuperar,3
legítima,3
preservar,3
conheço,3
visto,3
ministras,3
especial,3
dor,3
investimentos,3
pedindo,3
cem,3
seis,3
fiscal,3
cargos,3
possamos,3
isto,3
indignada,3
vendo,3
nível,3
realizado,3
participação,3
negou,3
gasta,3
pedagogia,3
medo,3
dirigir,3
lixo,3
soja,3
ganhando,3
legal,3
julgadora,3
tô,3
expresidiário,3
cirurgia,3
senadores,3
aprender,3
remunerado,3
ambiental,3
paris,3
reduziu,3
privatizar,3
pede,3
discurso,3
programas,3
desalento,3
salarial,3
lhe,3
consultas,3
processo,3
fim,3
explicar,3
desculpei,3
mortes,3
viver,3
tocar,3
planeta,3
luta,3
absoluta,3
desastre,3
trabalhando,3
extremamente,3
acontecer,3
isentar,3
75,3
cadê,3
educar,3
reeleição,3
tiveram,3
matou,3
carro,3
confesso,3
prioridade,3
filas,3
moto,3
quais,3
colômbia,3
definitivamente,3
iremos,3
passa,3
eduardo,3
voltamos,3
tendo,3
energia,3
carreira,3
simplesmente,3
gastamos,3
tivesse,3
posto,3
câncer,3
faça,3
feita,3
crescendo,3
demos,3
pergunto,3
percebe,3
aqueles,3
fogo,3
verdadeira,3
meta,3
janeiro,3
logo,3
combustíveis,3
alma,3
gastos,3
pátria,3
tomar,3
alimento,3
valores,3
decretos,3
merecemos,3
estudantes,3
vice,3
deveria,3
paridade,3
analisar,3
informação,3
cidade,3
direitos,3
educacional,3
daqueles,3
minhas,3
juntos,3
poderiam,3
promessa,3
definida,3
grandes,3
tempos,3
tréplica,3
decoreba,3
administrado,3
dividindo,3
reconciliar,3
indicadores,3
remédio,3
terceiro,3
informalidade,3
parece,3
semanal,3
tentou,3
privatização,3
debater,3
terão,3
decisão,3
necessário,3
divide,3
restaurar,3
trabalha,3
mal,3
esquecem,3
tema,3
político,3
crítica,3
concorda,3
condições,3
apoiando,3
impedir,3
negros,3
instância,3
juntas,3
objetiva,3
advogada,3
levar,3
conversar,3
leis,3
defendeu,3
credibilidade,3
capaz,3
barata,3
trocar,3
termos,3
empresários,3
grosso,3
dei,3
deputado,3
eleitos,3
concordo,3
condição,3
propaganda,3
serviço,3
entenda,3
séria,3
governador,3
zema,3
indica,3
prefeito,3
estudo,3
situação,3
incompetência,3
considerado,3
parar,3
preço,3
querem,3
cadeia,3
defendo,3
afirmou,3
diferentes,3
escândalos,3
eleitor,3
disseminar,3
refinanciar,3
votos,3
ldo,3
mão,3
barato,3
rio,3
thays,3
mesmas,3
sofreu,3
escravidão,3
boas,3
aquilo,3
somente,3
efetivamente,3
continuar,3
lembra,3
crime,3
juros,3
após,3
presente,3
fosse,3
sala,3
quebra,3
voltadas,3
juro,3
campanhas,3
mentir,3
investigação,3
inteira,3
citar,3
manutenção,3
transmitido,3
rádios,3
encontro,3
empregada,3
torno,3
vários,3
histórico,3
vá,3
honrar,3
pdt,3
doméstica,3
escolher,3
mdb,3
aprovadas,3
pesado,3
reunião,3
detalhes,3
terminar,3
usando,3
trabalhamos,3
analisando,3
integrantes,3
toneladas,3
fm,3
cá,3
900,3
governabilidade,3
35,3
faltando,3
absolutamente,2
ia,2
acusadora,2
mata,2
denunciamos,2
geram,2
machista,2
direita,2
vejo,2
2020,2
tentativa,2
coronavírus,2
feminino,2
vitimismo,2
perversa,2
hospital,2
comportamento,2
calheiros,2
26,2
invertida,2
terras,2
reformular,2
titulação,2
usado,2
mania,2
imaginei,2
produzem,2
morrem,2
renan,2
recebeu,2
morre,2
medíocre,2
período,2
tratamento,2
médico,2
infelicidade,2
extraordinária,2
tabela,2
eleger,2
uso,2
aliás,2
eleitores,2
barretos,2
assinar,2
negras,2
documento,2
ideias,2
meninos,2
privados,2
hospitais,2
processos,2
corrompeu,2
40,2
complexo,2
covid19,2
alimentando,2
defendemos,2
produtor,2
produção,2
fabrica,2
marco,2
realização,2
óbvio,2
vir,2
virar,2
precisou,2
frente,2
excrescência,2
companheiro,2
tivéssemos,2
calamidade,2
algum,2
explica,2
teríamos,2
escarnece,2
evangélicos,2
aprovou,2
garante,2
pudesse,2
pegar,2
dólar,2
religiões,2
católicos,2
intimidar,2
totalmente,2
coordenação,2
ficamos,2
documentos,2
concessão,2
braço,2
classe,2
colocando,2
registro,2
permitir,2
doenças,2
laico,2
diferenças,2
rádio,2
chegamos,2
religiosa,2
gogó,2
morreram,2
culpa,2
global,2
exportar,2
absurdo,2
chamar,2
católico,2
amigos,2
separava,2
prefeita,2
ah,2
55,2
queremos,2
insensibilidade,2
sequela,2
brava,2
quis,2
aceito,2
especialmente,2
dividir,2
novamente,2
projetos,2
crédito,2
rasgar,2
surpresa,2
atender,2
produzimos,2
conclamo,2
procurar,2
segurar,2
ônibus,2
devida,2
inss,2
medida,2
escutem,2
mínimos,2
desafio,2
conto,2
principalmente,2
falei,2
microcrédito,2
preocupa,2
jardineiro,2
seria,2
vacinal,2
magalhães,2
servir,2
marcelo,2
bombando,2
rebelo,2
esteve,2
crescia,2
contratou,2
boca,2
tributária,2
obsessão,2
acompanhado,2
descaso,2
potência,2
nordeste,2
dormir,2
entro,2
fraquejada,2
fronteira,2
agrícola,2
quebrado,2
férias,2
vos,2
descanso,2
22,2
repetir,2
falo,2
produzindo,2
salário,2
vaga,2
poderia,2
aberta,2
levou,2
decreto,2
aumentando,2
lucro,2
spc,2
roubar,2
contar,2
serasa,2
alimentos,2
reúne,2
intervalo,2
cima,2
renegociar,2
integram,2
pegarmos,2
bandnews,2
dívidas,2
retirar,2
rombo,2
3,2
rodolfo,2
comenta,2
aprovado,2
66600000,2
produtos,2
ganhava,2
data,2
talvez,2
concreto,2
resolve,2
piorou,2
teu,2
doença,2
fatiando,2
produz,2
br,2
eletrobras,2
vendeu,2
aprendi,2
mágico,2
infantil,2
terminou,2
monte,2
criando,2
1400,2
recurso,2
desconto,2
capital,2
ficou,2
queira,2
comeu,2
sequestrar,2
árvores,2
herdou,2
trato,2
digo,2
tentar,2
ganharmos,2
limpa,2
aliança,2
humilhadas,2
verde,2
resolveu,2
consumo,2
serviços,2
tinham,2
externo,2
céu,2
tratado,2
irresponsabilidade,2
ajuda,2
veio,2
cola,2
mayra,2
yamaguchi,2
dicotomia,2
nise,2
repito,2
crise,2
robô,2
tanta,2
raiva,2
estuprador,2
desculpas,2
cuidem,2
destruir,2
acontecendo,2
santo,2
plantar,2
cuidado,2
voluntariado,2
retomada,2
fique,2
primeiradama,2
espero,2
mole,2
nação,2
tratar,2
2010,2
considera,2
campo,2
patrícia,2
dra,2
nísia,2
agredida,2
entrando,2
registrado,2
respeitada,2
cria,2
gabas,2
copenhagen,2
carlos,2
razoável,2
escondeu,2
frase,2
através,2
vira,2
referência,2
leva,2
mudou,2
trilhões,2
gosta,2
paixão,2
bandeira,2
redor,2
transferiu,2
norte,2
chance,2
títulos,2
reforma,2
avaliou,2
dê,2
achar,2
mantém,2
90,2
recebem,2
enorme,2
rodízio,2
empresário,2
ora,2
pai,2
critério,2
pros,2
busca,2
dizia,2
patrocinam,2
brigam,2
2003,2
olá,2
limites,2
disputa,2
tantos,2
produtividade,2
haverá,2
palocci,2
investigar,2
51,2
princípio,2
perde,2
baixo,2
melhorando,2
equilibrar,2
interesse,2
língua,2
brigar,2
sociais,2
candidatas,2
cheguei,2
futuro,2
mínima,2
chegando,2
8,2
lutar,2
golpe,2
acredita,2
milagre,2
cortar,2
idade,2
revolução,2
desperdício,2
vê,2
efeito,2
conhecimento,2
ana,2
dificuldade,2
ficaram,2
sabia,2
conhece,2
competente,2
pena,2
assaltado,2
televisão,2
saláriomínimo,2
prática,2
alemanha,2
funcionar,2
considerar,2
graves,2
envolvido,2
legislativo,2
agradeço,2
executivo,2
gastar,2
colocamos,2
recentemente,2
desmatamento,2
serve,2
revolucionária,2
deixamos,2
decorrer,2
algumas,2
continuam,2
barreira,2
exterior,2
impunidade,2
refeições,2
procura,2
vinha,2
obras,2
improcedente,2
extrema,2
obrigação,2
aquela,2
2019,2
geral,2
conhecer,2
4,2
porventura,2
paga,2
debates,2
ato,2
ganha,2
assistindo,2
junto,2
70,2
icms,2
mato,2
complicado,2
demagogia,2
sul,2
munições,2
faço,2
equipe,2
comprometer,2
inclusão,2
matemática,2
universidades,2
joinville,2
indicado,2
apresentar,2
300,2
empreender,2
cadeira,2
33,2
instituições,2
título,2
propina,2
negócio,2
testa,2
marcado,2
legalizado,2
representa,2
nove,2
adriano,2
atendemos,2
roubalheira,2
negro,2
religioso,2
ipea,2
oligarquia,2
manhã,2
acabamos,2
péssima,2
minas,2
ganhou,2
gerais,2
obrigados,2
haver,2
mostram,2
vista,2
palavra,2
escolhi,2
redes,2
unir,2
ingerência,2
atenção,2
comercial,2
causou,2
ilustres,2
16,2
interior,2
concedido,2
acertado,2
independência,2
integral,2
alunos,2
acreditava,2
extraordinário,2
ameaça,2
previamente,2
prévio,2
indicando,2
presta,2
montou,2
pretende,2
função,2
pontos,2
peguei,2
fruto,2
pensar,2
basta,2
estiver,2
eram,2
assumi,2
cabeça,2
estúdios,2
instante,2
nasceram,2
comparar,2
existem,2
reforçar,2
palácio,2
medidas,2
jurídica,2
plataformas,2
lamentável,2
destruindo,2
prejuízo,2
presença,2
absurdos,2
estúdio,2
pl,2
parlamentares,2
descoberto,2
maldade,2
vote,2
produzir,2
quebrou,2
magistério,2
diferença,2
decente,2
pacificar,2
escolha,2
indignação,2
estive,2
informações,2
aprovar,2
planos,2
tirando,2
6,2
maria,2
clima,2
convocar,2
sabiam,2
tiver,2
estavam,2
experiências,2
perguntam,2
países,2
focar,2
noção,2
direcionada,2
vicepresidente,2
jornalismo,2
senão,2
veto,2
progresso,2
completamente,2
natureza,2
acompanhando,2
patrimônio,2
tivermos,2
seguindo,2
davam,2
cidral,2
fabíola,2
celular,2
menino,2
serva,2
código,2
aparece,2
força,2
aprende,2
leão,2
relações,2
possibilidade,2
mediado,2
acreditar,2
negado,2
pacaraima,1
prezado,1
procurada,1
juntamente,1
persegue,1
brilhante,1
370,1
fugindo,1
nicarágua,1
aziz,1
médicas,1
cristãos,1
cena,1
pesando,1
freiras,1
esculhambadas,1
iguais,1
metrôs,1
sancionei,1
atos,1
defendida,1
errado,1
escondidinha,1
expulsa,1
praticava,1
amam,1
petro,1
questionado,1
maltratadas,1
curitiba,1
presos,1
visitou,1
agrido,1
padres,1
prende,1
candidaturas,1
meter,1
nariz,1
omar,1
perseguição,1
quilos,1
ataco,1
drogado,1
ortega,1
pastel,1
recebemos,1
trabalhadores,1
memória,1
financeiro,1
consegui,1
absurda,1
pagou,1
carga,1
gastou,1
deprimente,1
rouba,1
postos,1
novos,1
impede,1
agrava,1
excessiva,1
cobrança,1
econômicos,1
acabei,1
compreensão,1
banir,1
pregamos,1
prostração,1
legítimo,1
sustentação,1
ferro,1
portarias,1
transferir,1
tomei,1
posse,1
profunda,1
aparecer,1
botei,1
adotálas,1
mostrado,1
mortas,1
possivelmente,1
violentadas,1
irmã,1
batalha,1
saída,1
volto,1
1998,1
rigorosamente,1
estabilidade,1
complexa,1
gerou,1
renitente,1
39,1
líquida,1
opositores,1
consigo,1
externa,1
604,1
pessoalmente,1
humildade,1
quarta,1
agrária,1
propriedade,1
derrubaram,1
pedalada,1
líder,1
divulga,1
prezada,1
derruba,1
plenitude,1
apreensão,1
motociata,1
agressão,1
julgamento,1
posição,1
tranquilo,1
mimimi,1
joguinho,1
pensei,1
humilhar,1
deixo,1
governando,1
beneficiado,1
desculpem,1
polarizada,1
chaves,1
maduro,1
venezuela,1
2016,1
culminou,1
podíamos,1
destila,1
concepção,1
abateu,1
aborto,1
solidarizando,1
mudaremos,1
verdadeiros,1
cuidados,1
fácil,1
amigo,1
aponte,1
desrespeitosa,1
2014,1
preparar,1
venceu,1
mente,1
finlândia,1
exigindo,1
oposição,1
cunha,1
leila,1
liguei,1
aécio,1
neves,1
resolveram,1
geraldo,1
oinegue,1
alckmin,1
cheio,1
cuide,1
licitação,1
maracutaia,1
reclamam,1
apesar,1
encrenca,1
critico,1
trago,1
hein,1
profissional,1
finalmente,1
esgoto,1
ineficientes,1
nasci,1
controla,1
vejam,1
essenciais,1
áreas,1
tocamos,1
ferrovia,1
haja,1
negócios,1
viram,1
confiança,1
amarela,1
conversa,1
começando,1
naquilo,1
tenhamos,1
44,1
acabaria,1
economizássemos,1
humanas,1
supermercado,1
perfeito,1
equilíbrio,1
consiga,1
adiante,1
fazenda,1
desperdiçadas,1
custo,1
gargalos,1
estruturante,1
públicoprivado,1
aplicado,1
madura,1
aplicada,1
debata,1
diga,1
léu,1
atoleiro,1
feitos,1
cabide,1
2033,1
traçado,1
encampando,1
empreende,1
sufocando,1
assume,1
programação,1
freitas,1
acreditando,1
honrando,1
seguir,1
avalia,1
delegado,1
reforcem,1
entregar,1
disfarçar,1
atriz,1
misturar,1
página,1
presidentes,1
aguento,1
termina,1
subiu,1
anote,1
propôs,1
vacinado,1
graças,1
9,1
jacaré,1
outubro,1
audiência,1
olhando,1
fundiária,1
gerado,1
exportador,1
públicoprivadas,1
parcerias,1
compactuamos,1
inteligente,1
vergonhosa,1
deslocamento,1
eleito,1
romeu,1
magnitude,1
rápido,1
impoluta,1
atraiu,1
safra,1
escoamento,1
pará,1
ligaria,1
saiu,1
liminar,1
280,1
suspenso,1
ferrogrão,1
portos,1
cheguem,1
gargalo,1
regularização,1
exatas,1
rasgada,1
cantar,1
internet,1
atendido,1
gabrilli,1
tetraplégica,1
acumulado,1
28,1
tornou,1
querida,1
reconstruir,1
relembrar,1
abre,1
ficha,1
canais,1
exibido,1
centrooeste,1
reações,1
reeleita,1
76,1
vicegovernadora,1
promovido,1
deputada,1
despedimos,1
tributárias,1
recusado,1
estadual,1
governam,1
ineficiência,1
valorosa,1
assassino,1
torturador,1
plural,1
socialista,1
defendendo,1
sancionou,1
gostasse,1
acusar,1
desespero,1
polarizando,1
defendi,1
prova,1
acusa,1
pertence,1
divulgados,1
recortes,1
intimida,1
215,1
desigualdade,1
sozinhos,1
discriminação,1
misoginia,1
comete,1
trabalhistas,1
domésticas,1
totalidade,1
retrocessos,1
empregadas,1
esburacadas,1
verdadeiramente,1
estradas,1
agregado,1
bens,1
commodities,1
continuarmos,1
vital,1
sigilos,1
esgotado,1
competitivos,1
podendo,1
tornar,1
ecológica,1
luciano,1
rápidos,1
baratos,1
bivar,1
indiretos,1
diretos,1
injetar,1
próximos,1
rodovias,1
antônio,1
oeste,1
leste,1
parados,1
rueda,1
celeiro,1
apagar,1
plena,1
prestar,1
julgado,1
sensibilidade,1
cobrado,1
burocracia,1
somar,1
inferniza,1
procedente,1
exerce,1
trabalham,1
cargo,1
enfatizar,1
chamou,1
presidiário,1
razões,1
32,1
crescido,1
limpo,1
teria,1
enaltecer,1
viralata,1
parente,1
alimentado,1
algodão,1
produtores,1
motor,1
fascista,1
reformas,1
justiça,1
consertado,1
aguerridas,1
esposa,1
missão,1
coronelismo,1
tenham,1
romper,1
rompi,1
sentada,1
aguenta,1
dnit,1
levantar,1
mostrando,1
estaduais,1
levantam,1
representação,1
afinco,1
neto,1
costa,1
pagador,1
valdemar,1
filiado,1
corporações,1
solene,1
tragédia,1
utilização,1
perpetuação,1
trágica,1
críticos,1
socorro,1
contigo,1
peça,1
teriam,1
preocupada,1
vacinada,1
harvard,1
livros,1
escritos,1
prometido,1
envolvidas,1
exesposas,1
escrúpulo,1
desculpar,1
milhão,1
ipiranga,1
gracinha,1
cometi,1
vinte,1
essencialidade,1
procuramos,1
abaixa,1
jetski,1
videogame,1
criamos,1
abaixar,1
arroz,1
raias,1
feijão,1
leite,1
sinto,1
tal,1
renovação,1
aplicados,1
declarados,1
88,1
aumentaria,1
percepção,1
cunhado,1
zanga,1
eterna,1
esquecida,1
automóvel,1
duplicar,1
aconteça,1
quitação,1
ganância,1
propor,1
áfrica,1
erradique,1
atirador,1
irritado,1
compreende,1
chorava,1
rasga,1
seco,1
babá,1
pão,1
carregamento,1
pedaço,1
bocado,1
pcc,1
milícias,1
bancos,1
alegação,1
recebe,1
330,1
democratizou,1
setoriais,1
fundos,1
perpetuar,1
2018,1
centavo,1
170,1
voluntários,1
custou,1
botar,1
guedes,1
feitas,1
sorteada,1
desenhou,1
emitiu,1
benevides,1
série,1
mauro,1
iniciativas,1
liberando,1
amplamente,1
coopero,1
colaboro,1
aplaudo,1
conjunto,1
circulação,1
pouquíssimo,1
17,1
estudada,1
provei,1
frias,1
tentaram,1
escabroso,1
covaxin,1
mea,1
superfaturadas,1
apoiam,1
confirmar,1
preços,1
dirá,1
vacinou,1
colocou,1
sabendo,1
notas,1
executados,1
baixar,1
atrasou,1
integralidade,1
entregou,1
consequência,1
conviver,1
comovida,1
ligam,1
entrei,1
ativamente,1
participou,1
belo,1
horizonte,1
miguel,1
antecipadamente,1
parcela,1
serem,1
pagos,1
coisinha,1
tapioca,1
usava,1
higiênico,1
abertura,1
engavetador,1
procurador,1
provar,1
policial,1
conhecida,1
remunerou,1
facilitou,1
esconder,1
perguntei,1
retornar,1
esquemas,1
comprando,1
necessários,1
mesada,1
consciência,1
inventouse,1
passados,1
processada,1
vantagem,1
científica,1
comprovação,1
paraíso,1
ligando,1
lágrima,1
chorando,1
jatinho,1
opçõesas,1
doadores,1
morreu,1
enlutamos,1
custa,1
coveiro,1
financiarmos,1
estariam,1
presido,1
conseguirem,1
falarem,1
manaus,1
oxigênio,1
sufocamento,1
simular,1
reproduziu,1
propagandas,1
grupos,1
whatsapp,1
catando,1
fuçando,1
rabo,1
criado,1
argumento,1
propondo,1
explicação,1
explicou,1
indecência,1
gancho,1
derramar,1
dissesse,1
osso,1
caldo,1
proteína,1
682,1
sérios,1
importem,1
prezem,1
brincar,1
sociedade,1
monstro,1
tu,1
irresponsável,1
pessoais,1
agiu,1
cartão,1
visita,1
alvorada,1
vetei,1
derrubou,1
negligência,1
derrubar,1
brincadeira,1
nobre,1
assinado,1
nota,1
desta,1
perdão,1
endividamento,1
cariocas,1
sejam,1
corta,1
lancei,1
consistentemente,1
homologada,1
altos,1
praticados,1
paritário,1
administrativa,1
teremos,1
52,1
requisito,1
expansão,1
divirjo,1
conclusão,1
esteja,1
recorde,1
terceira,1
endereçada,1
sindical,1
movimento,1
estuprada,1
sete,1
feminicídio,1
xxi,1
queda,1
instituto,1
estudos,1
socioeconômicos,1
bicicleta,1
mentiroso,1
passarei,1
obrigatoriamente,1
determinada,1
ebx,1
rica,1
destruiu,1
gigantismo,1
fragilizada,1
esgarçar,1
estouradas,1
recessão,1
desempregados,1
futebol,1
jogo,1
vagas,1
realismo,1
vivemos,1
determinados,1
alto,1
cármen,1
caíram,1
humilhados,1
lúcia,1
numericamente,1
domésticos,1
méxico,1
plenamente,1
empregados,1
motoristas,1
jardineiros,1
inesc,1
revelam,1
empreendedor,1
levada,1
discutir,1
economista,1
demonstrado,1
violentas,1
incluindo,1
sobrar,1
descontado,1
universo,1
vítimas,1
126,1
alíquota,1
tributos,1
excluir,1
universal,1
mofados,1
economistas,1
caminhando,1
lindo,1
atinge,1
recebera,1
recebido,1
valorizar,1
diminui,1
varejista,1
praticado,1
conversando,1
caminho,1
percebia,1
igual,1
pequeno,1
motorista,1
transformálo,1
legalize,1
tirei,1
cheiro,1
sentindo,1
cumprida,1
entregador,1
1888,1
replicar,1
amarelo,1
legalização,1
existentes,1
conquistaram,1
cresceram,1
brutalmente,1
denunciar,1
crimes,1
café,1
jantar,1
almoçar,1
excelentes,1
exemplos,1
ficarmos,1
inventando,1
nova,1
evolui,1
literal,1
preencher,1
2011,1
160,1
delicadeza,1
possuir,1
aparentemente,1
incompreensão,1
frouxidão,1
ampliálas,1
regulação,1
exército,1
sensoriamento,1
beleza,1
salão,1
empréstimo,1
inserir,1
milícia,1
último,1
caixa,1
instrumentalizar,1
ação,1
maternidade,1
exercício,1
amparar,1
promovam,1
ações,1
estimula,1
qualifica,1
ô,1
11600,1
papo,1
grosseiro,1
profundidade,1
invés,1
assistimos,1
limite,1
78,1
concretamente,1
nisso,1
atitudes,1
desconsiderem,1
matar,1
excepcional,1
estrito,1
cumprimento,1
filhinha,1
dever,1
nasceu,1
militar,1
treinado,1
fator,1
chocar,1
dureza,1
motocicleta,1
respondo,1
amiga,1
estilo,1
bandido,1
dessabor,1
trouxe,1
equívoco,1
criticou,1
sobrando,1
efetivos,1
cobrir,1
interferência,1
derem,1
estela,1
credores,1
sousa,1
crediaristas,1
pinto,1
fortalecimento,1
leilão,1
mostrou,1
ocupar,1
entanto,1
cirogomescombr,1
voltou,1
cirotvcombr,1
sentaram,1
procure,1
relativamente,1
ministra,1
perto,1
pmdb,1
ocuparam,1
aparecem,1
equilibrado,1
autoengano,1
fracassada,1
antro,1
cabides,1
conseguido,1
prestações,1
enfrentar,1
36,1
claras,1
contrabando,1
malabarismo,1
armamento,1
mundial,1
gerarem,1
trabalharem,1
votei,1
piora,1
converso,1
autodefesa,1
sustentar,1
rural,1
sucateada,1
moro,1
fazendas,1
estatismo,1
formas,1
iluda,1
forças,1
chama,1
volte,1
diretorgeral,1
intercalado,1
justamente,1
fechando,1
moderado,1
virei,1
incluiremos,1
daquele,1
domicílio,1
mostre,1
politiqueiros,1
perna,1
previdência,1
suplicy,1
1000,1
acompanhe,1
noel,1
fontes,1
acabo,1
manipulação,1
demagógica,1
venho,1
houver,1
véspera,1
papai,1
58,1
aberração,1
psol,1
colaborado,1
chaga,1
afastada,1
olhadinha,1
considero,1
administração,1
encerrar,1
desconhece,1
penssan,1
respeitadas,1
recentes,1
125,1
comeram,1
melhoria,1
aprendendo,1
naquele,1
teoria,1
graça,1
enciclopedismo,1
raso,1
decorar,1
puro,1
oferecer,1
per,1
xix,1
capita,1
europa,1
terceiros,1
mercados,1
pergunte,1
serei,1
xx,1
exceções,1
ensinando,1
saúdo,1
sucesso,1
sobral,1
i,1
descalabro,1
roubam,1
fnde,1
oferecemos,1
maravilhosas,1
aplicamos,1
poderíamos,1
mostra,1
filha,1
oferece,1
salvo,1
pcdob,1
68,1
melhora,1
placa,1
chocado,1
pura,1
procuram,1
propriamente,1
comem,1
anda,1
trocado,1
anteontem,1
pedra,1
lar,1
subnutrição,1
ofende,1
idades,1
teme,1
fiquei,1
levaram,1
conivência,1
bravata,1
índia,1
europeia,1
fluxo,1
ultrapassasse,1
carteira,1
assinada,1
saudade,1
aberrações,1
dignamente,1
erguida,1
costuma,1
desviar,1
gravíssimos,1
familiares,1
interpretado,1
interpreta,1
pagamos,1
marido,1
querer,1
inadmissível,1
próprios,1
cadastrar,1
dava,1
corrigidos,1
1200,1
passam,1
conseguia,1
perdia,1
atende,1
incluílos,1
esqueçamos,1
38,1
exagerado,1
atendeu,1
menores,1
investimos,1
colaborando,1
diziam,1
voltaríamos,1
prépandemia,1
taxa,1
lamentamos,1
fossem,1
definitivo,1
destruídos,1
pronampe,1
levandose,1
diminuiu,1
negociou,1
garantido,1
desperdiça,1
curso,1
china,1
gerida,1
ortopédico,1
atendimentos,1
cancelados,1
adiados,1
afinal,1
saímos,1
sensível,1
catarata,1
alheia,1
virou,1
enlutadas,1
estudei,1
atrasos,1
quantos,1
procedimento,1
eletivos,1
abraço,1
fies,1
passaram,1
deixando,1
garoto,1
endividado,1
110,1
150,1
chocante,1
procedimentos,1
escolho,1
profissionais,1
enfrentavam,1
corajosamente,1
pacientes,1
precisavam,1
pais,1
perdeu,1
superior,1
telefone,1
liberal,1
executar,1
complementar,1
agilizar,1
catástrofe,1
ando,1
concordamos,1
usuário,1
depoimento,1
cura,1
inveja,1
súplica,1
atualizar,1
santas,1
utilizamos,1
bonito,1
custar,1
decretar,1
aspecto,1
arrastou,1
tido,1
resolvida,1
estaríamos,1
decretouse,1
emergência,1
morrer,1
colocarmos,1
exame,1
consulta,1
atrasada,1
executarem,1
pago,1
42,1
garotos,1
arcaico,1
estimular,1
garotada,1
interessada,1
dominar,1
tecnologias,1
caixinha,1
conteúdo,1
intelectual,1
passe,1
funcionando,1
experimentando,1
êxito,1
saem,1
dali,1
estágio,1
emancipadora,1
retreinar,1
93,1
devidamente,1
reter,1
êxodo,1
48,1
formação,1
mensurar,1
desperdiçando,1
alfabetizadas,1
motivar,1
conteúdos,1
medido,1
estabelecermos,1
pisa,1
recomenda,1
aprofundar,1
primeiros,1
ficam,1
universitário,1
contabilidade,1
vereador,1
dirigentes,1
capacitados,1
treinados,1
concursados,1
dotes,1
envolver,1
essencial,1
perca,1
capacitação,1
circunstância,1
mudança,1
gaba,1
adolescentes,1
indicação,1
elemento,1
retidos,1
encher,1
aposta,1
generalizar,1
permita,1
cumprimentando,1
remuneração,1
comparado,1
viva,1
qualificar,1
material,1
equipamento,1
lousa,1
giz,1
3500,1
pagando,1
rússia,1
moram,1
únicas,1
previsibilidade,1
desarmonia,1
democráticos,1
livre,1
democrático,1
psdb,1
reposicionar,1
terem,1
saiba,1
funções,1
judicializando,1
consequentemente,1
acaba,1
excedendo,1
critérios,1
radicalização,1
excessivamente,1
desconforto,1
harmoniosa,1
economês,1
duelar,1
entendem,1
trocaremos,1
inovadora,1
deveriam,1
independente,1
fortalece,1
conflitos,1
intromissão,1
reeleito,1
tensão,1
contribui,1
permitamme,1
técnicos,1
abalei,1
escutando,1
lanterninha,1
admitir,1
existir,1
manifestam,1
contrário,1
retrato,1
ruim,1
testes,1
imunidade,1
agravou,1
recente,1
fundação,1
getúlio,1
vargas,1
retrocesso,1
interferir,1
interessa,1
amiguinhos,1
interferiu,1
banana,1
conhecem,1
possíveis,1
voz,1
ativismo,1
judicial,1
mandando,1
condenado,1
buscas,1
apreensões,1
barbaridades,1
reagi,1
anistia,1
injustamente,1
juridiquês,1
chato,1
retrocederam,1
dinâmica,1
repercussão,1
temas,1
buscados,1
play,1
bandcombr,1
canal,1
escolhendo,1
tela,1
comentam,1
programáticas,1
dirigida,1
especializada,1
rosa,1
pesquisas,1
gráficos,1
apontando,1
dificuldades,1
sinal,1
acompanha,1
inédita,1
concorrentes,1
planalto,1
agradecemos,1
ofensa,1
mediadores,1
acessar,1
formada,1
advogado,1
avaliar,1
solicitação,1
convidados,1
exclusivos,1
preocupações,1
temse,1
decepção,1
comparecer,1
atrapalha,1
rala,1
cobra,1
entende,1
vieram,1
comparecimento,1
covardia,1
cansados,1
dependo,1
sentado,1
sofá,1
nesses,1
esperança,1
renovava,1
ineficiente,1
dono,1
estender,1
fiscais,1
auxílios,1
vulneráveis,1
categorias,1
zerados,1
servidores,1
cabem,1
moeda,1
desperdiçado,1
enormes,1
demandas,1
assiste,1
estagnada,1
aumenta,1
conciliar,1
português,1
década,1
biodiversidade,1
aparelhado,1
lavagem,1
agu,1
coaf,1
movimentações,1
bancárias,1
atípicas,1
exceto,1
anticorrupção,1
banco,1
central,1
fazia,1
malfeitos,1
roubava,1
desviava,1
organizado,1
cgu,1
delação,1
delatores,1
francisco,1
nordestino,1
dágua,1
montante,1
equivalente,1
120,1
devolveram,1
fiscalização,1
acaso,1
viria,1
valem,1
mentirosos,1
compensa,1
apurasse,1
conclui,1
premiada,1
dariam,1
marca,1
camps,1
422,1
técnicas,1
conhecido,1
universitários,1
85,1
disponibilizados,1
novas,1
assentamento,1
acordos,1
tentasse,1
contribuir,1
preservação,1
exploração,1
178,1
empresa,1
reservado,1
mentirosa,1
recebia,1
pacotes,1
cleptocracia,1
base,1
roubo,1
justifica,1
indescritível,1
pequena,1
precisaria,1
informado,1
capitalização,1
precisava,1
agricultura,1
familiar,1
transposição,1
concluídas,1
abandono,1
comprometido,1
computador,1
continuou,1
estudando,1
conseguiram,1
quantidade,1
evasão,1
pretendo,1
tipos,1
prefeitos,1
capitais,1
pacto,1
guerra,1
situações,1
quintupliquei,1
tablet,1
daquilo,1
lidera,1
baixos,1
forte,1
ampliou,1
sobretudo,1
aja,1
resgatar,1
condenadas,1
subemprego,1
grau,1
comprometendo,1
começamos,1
parabenizar,1
tradição,1
época,1
mec,1
abandonada,1
oponentes,1
começadas,1
tréplicas,1
desconhecimento,1
atolados,1
acompanhem,1
lembrando,1
réplicas,1
respostas,1
somadas,1
mudarmos,1
administradas,1
longo,1
endividou,1
aproximadamente,1
desmandos,1
refinarias,1
falsa,1
estruturalmente,1
senadoras,1
equação,1
devo,1
basicamente,1
modestamente,1
ajudei,1
79,1
encaminhando,1
comunidade,1
pedem,1
clareza,1
esforço,1
imenso,1
descuido,1
pedagógico,1
emancipador,1
casas,1
filantrópicas,1
atendem,1
desceu,1
serpente,1
emoção,1
cativa,1
bastante,1
antiga,1
atribuo,1
marte,1
construída,1
contradições,1
protesto,1
reconhecido,1
respeitosamente,1
devastadora,1
produziram,1
encantador,1
construir,1
igualzinha,1
progressistas,1
lembrado,1
profundo,1
grato,1
2006,1
própria,1
construindo,1
deferência,1
sente,1
mário,1
covas,1
requião,1
levo,1
compreensivos,1
nessas,1
apaga,1
fernando,1
vacinadas,1
elite,1
estudavam,1
alta,1
perfeitamente,1
peru,1
1554,1
1920,1
metalúrgico,1
prouni,1
diploma,1
oyama,1
enfatizado,1
slogan,1
vota,1
afirma,1
periferia,1
afora,1
henrique,1
oliveira,1
cardoso,1
distanciamento,1
geddel,1
vieira,1
lima,1
eunício,1
pesquise,1
espalhamos,1
desculpa,1
joga,1
haddad,1
culpado,1
continuo,1
queriam,1
comanda,1
83,1
vitimista,1
fantástica,1
desviou,1
investigado,1
atacando,1
venha,1
historinha,1
vitimizar,1
né,1
conivente,1
persistir,1
agressividade,1
turma,1
batendo,1
atravessando,1
merece,1
achou,1
malversação,1
mude,1
esperar,1
cobrimos,1
esclarecimento,1
acondicionada,1
transportada,1
mutirão,1
sumiu,1
dorme,1
apelando,1
pensando,1
acusações,1
mentirosas,1
microfone,1
desligado,1
pedi,1
generoso,1
fisiologia,1
vacinamos,1
abro,1
representante,1
campos,1
mello,1
dirige,1
vivem,1
hostilidade,1
aspas,1
participem,1
bando,1
imbecis,1
corrompendo,1
apoiar,1
2009,1
h1n1,1
combinado,1
assessores,1
organização,1
poço,1
devolver,1
mencionado,1
tecnologicamente,1
dominada,1
vimos,1
politiqueira,1
vontade,1
gentileza,1
conectar,1
bote,1
pare,1
ciência,1
insanidade,1
resultado,1
restrições,1
acusação,1
médias,1
etc,1
fé,1
convicção,1
penal,1
motivos,1
religiosos,1
demônio,1
lidar,1
kardecistas,1
preceito,1
adorar,1
entenderem,1
cristã,1
acabarem,1
polarização,1
ateus,1
judeus,1
afável,1
denunciei,1
justificativa,1
recebi,1
chamada,1
descontrolada,1
dedo,1
ameaçando,1
esquema,1
muçulmanos,1
bergamo,1
separação,1
igreja,1
consagrada,1
1891,1
umbandistas,1
amável,1
separando,1
pacheco,1
praticante,1
perdendo,1
foro,1
íntimo,1
crença,1
liberdades,1
individuais,1
longe,1
vergonhoso,1
teocracia,1
dizimo,1
chamase,1
gastando,1
devia,1
daria,1
chateadíssimos,1
utilizando,1
tranquila,1
onça,1
branca,1
chateada,1
tchutchuca,1
vêm,1
tigrão,1
incomodada,1
xingamento,1
fiquem,1
dizíamos,1
manipular,1
manobrar,1
age,1
importa,1
te,1
impediu,1
rodrigo,1
discorda,1
arrumar,1
colégio,1
atividade,1
profissão,1
formos,1
colocação,1
atuante,1
mesa,1
parado,1
domingo,1
essência,1
vivência,1
ampliar,1
pensam,1
defende,1
majoritariamente,1
gaveta,1
acredito,1
barracas,1
suposto,1
tratamos,1
envolve,1
capitanear,1
pauta,1
elogio,1
lona,1
tiro,1
praças,1
seio,1
resto,1
velho,1
igualdade,1
aprovamos,1
repetisse,1
entendido,1
justificando,1
desrespeita,1
proteger,1
pedofilia,1
abuso,1
sexual,1
tolerância,1
adolescente,1
ataca,1
sofrerá,1
mentiras,1
robôs,1
amedrontam,1
posicionamento,1
cortado,1
editado,1
jurou,1
constatação,1
afirmativa,1
assustei,1
colocaram,1
entrevista,1
pânico,1
pan,1
evidentemente,1
generalizando,1
devolvessem,1
inimagináveis,1
entendo,1
espaço,1
solidarizar,1
paralisado,1
usei,1
usou,1
elementos,1
mortalidade,1
prêmio,1
impacto,1
fotografia,1
bíblia,1
poucas,1
inglês,1
fadas,1
estudado,1
bi,1
superfaturamento,1
proporcionar,1
ponta,1
desvalorizado,1
inúmeras,1
analfabetismo,1
funcional,1
escolares,1
policiais,1
autodidáticas,1
administrativo,1
renováveis,1
eólica,1
solar,1
biomassa,1
expandir,1
concorrência,1
administra,1
páginas,1
têla,1
excelente,1
aluna,1
colocado,1
patamar,1
estampada,1
metodologias,1
consigam,1
receita,1
virem,1
creches,1
paralisadas,1
fundeb,1
dobramos,1
técnico,1
possam,1
nemnem,1
cuida,1
poupança,1
5000,1
quiser,1
entrada,1
num,1
saia,1
infância,1
categoria,1
complementariamente,1
aulas,1
sozinhas,1
resolvesse,1
utilizasse,1
método,1
utilizou,1
portugal,1
ebc,1
quinta,1
prometeu,1
dentre,1
incluir,1
sistema,1
contrariamente,1
entregamos,1
energias,1
veja,1
prêmios,1
regiões,1
potências,1
econômicas,1
potencial,1
plantando,1
degradada,1
degradadas,1
impulsionar,1
desmatar,1
renovável,1
matriz,1
expandindo,1
ambientais,1
bioeconomia,1
fonte,1
queimar,1
rompeu,1
desmata,1
preventivo,1
altas,1
complexidades,1
casos,1
complicados,1
médicos,1
especialistas,1
defasada,1
cuidando,1
assinem,1
desperdícios,1
climática,1
governantes,1
tomam,1
governante,1
seriedade,1
retaliação,1
regional,1
impressão,1
emissão,1
gás,1
estufa,1
369,1
conversava,1
decisões,1
latifundiário,1
referendado,1
juízo,1
oposto,1
capturar,1
lição,1
confiável,1
tratando,1
iria,1
assumiu,1
carne,1
desperdiçar,1
desmatada,1
planta,1
cerrado,1
colhe,1
tonelada,1
cacau,1
queimada,1
cop15,1
biomas,1
pantanal,1
caatinga,1
entretanto,1
incentiva,1
boiada,1
salva,1
atualizado,1
banheiro,1
caiu,1
sarampo,1
71,1
2021,1
poliomielite,1
96,1
2012,1
índices,1
viral,1
superiores,1
67,1
desinformação,1
difundida,1
contribuído,1
agravar,1
protege,1
tríplice,1
evitadas,1
entramos,1
inconsequentes,1
anunciando,1
planejada,1
diferentemente,1
aumentou,1
pagava,1
preocupado,1
vacinar,1
mentindo,1
abandonadas,1
rindo,1
investido,1
dando,1
despencando,1
causar,1
desacreditar,1
caos,1
psicossocial,1
semanais,1
templo,1
luz,1
º,1
mental,1
deteriorando,1
remédios,1
jornada,1
nervo,1
redondos,1
envelhecer,1
aposentadoria,1
trivial,1
ganhamos,1
horas,1
embruteceu,1
eficácia,1
catraca,1
imunização,1
choca,1
emociono,1
desistiram,1
aberto,1
pulando,1
passagem,1
endureceu,1
trocador,1
amarga,1
chocando,1
alienação,1
esfolados,1
vil,1
buscar,1
detalhado,1
lideranças,1
definitiva,1
sairá,1
romperá,1
retirará,1
orçamentos,1
ministérios,1
192,1
contínuo,1
disseram,1
pec,1
acrescentamos,1
logicamente,1
aproxima,1
sobreviver,1
concreta,1
manteriam,1
prevê,1
contato,1
anterior,1
bastidores,1
perguntarem,1
principais,1
definidas,1
comum,1
mesmos,1
administrar,1
taxista,1
schneider,1
assuntos,1
comentados,1
discute,1
transferência,1
caminhoneiro,1
conversado,1
precatórios,1
fazerem,1
reivindicado,1
meios,1
fará,1
lembrar,1
mandada,1
ar,1
inverdade,1
concomitante,1
gasolina,1
pensado,1
privatizou,1
trinta,1
dna,1
discursaram,1
votaram,1
embora,1
fortunas,1
taxar,1
contramão,1
agindo,1
importação,1
ipi,1
diminuímos,1
diminuindo,1
arrecadação,1
anteriores,1
irem,1
programado,1
metendo,1
roubando,1
etanol,1
álcool,1
semana,1
